{
    "min": {
        "length": 4.0,
        "charge": -7.199,
        "charge_density": -0.008509889149253913,
        "pI": 2.42626953125,
        "instability_index": -43.43333333333334,
        "aromaticity": 0.0,
        "aliphatic_index": 0.0,
        "boman_index": -3.3777777777777778,
        "hydrophobic_ratio": 0.0,
        "hydrophobicity": -1.23,
        "hydropathy_index": -4.5,
        "amphiphilicity_index": 0.0,
        "solvation": -2.1,
        "steric": 0.225,
        "volume": 152.0,
        "side_chain_vol": 25.78,
        "polarity": 6.300000000000001,
        "no_hyd_bond": 0.0,
        "norm_freq_alpha": 0.7558181818181818,
        "norm_freq_beta": 0.67,
        "norm_freq_coil": 0.66
    },
    "max": {
        "length": 99.0,
        "charge": 29.974,
        "charge_density": 0.006303008307757852,
        "pI": 13.30419921875,
        "instability_index": 509.94999999999993,
        "aromaticity": 0.6666666666666666,
        "aliphatic_index": 300.00000000000006,
        "boman_index": 14.92,
        "hydrophobic_ratio": 0.8333333333333334,
        "hydrophobicity": 1.075,
        "hydropathy_index": 2.3307692307692305,
        "amphiphilicity_index": 5.64,
        "solvation": 1.686,
        "steric": 0.9107692307692308,
        "volume": 7963.5,
        "side_chain_vol": 131.16666666666666,
        "polarity": 13.0,
        "no_hyd_bond": 117.0,
        "norm_freq_alpha": 1.3075,
        "norm_freq_beta": 1.2366666666666666,
        "norm_freq_coil": 1.3342857142857143
    }
}