{
    "min": {
        "length": 4.0,
        "charge": -8.922,
        "charge_density": -0.006941615044554387,
        "pI": 2.5166015625,
        "instability_index": -43.43333333333334,
        "aromaticity": 0.0,
        "aliphatic_index": 0.0,
        "boman_index": -3.3777777777777778,
        "hydrophobic_ratio": 0.0,
        "hydrophobicity": -0.9042857142857142,
        "hydropathy_index": -3.411111111111111,
        "amphiphilicity_index": 0.0,
        "solvation": -0.7614285714285715,
        "steric": 0.2914285714285714,
        "volume": 152.0,
        "side_chain_vol": 25.78,
        "polarity": 6.300000000000001,
        "no_hyd_bond": 0.0,
        "norm_freq_alpha": 0.7558181818181818,
        "norm_freq_beta": 0.7527272727272728,
        "norm_freq_coil": 0.66
    },
    "max": {
        "length": 101.0,
        "charge": 29.974,
        "charge_density": 0.005483054208230378,
        "pI": 13.30419921875,
        "instability_index": 295.4,
        "aromaticity": 0.7142857142857143,
        "aliphatic_index": 300.00000000000006,
        "boman_index": 8.806666666666667,
        "hydrophobic_ratio": 0.7857142857142857,
        "hydrophobicity": 1.075,
        "hydropathy_index": 2.3307692307692305,
        "amphiphilicity_index": 5.998571428571428,
        "solvation": 1.6942857142857144,
        "steric": 0.9107692307692308,
        "volume": 8273.5,
        "side_chain_vol": 132.5,
        "polarity": 11.728571428571428,
        "no_hyd_bond": 117.0,
        "norm_freq_alpha": 1.3075,
        "norm_freq_beta": 1.231764705882353,
        "norm_freq_coil": 1.3342857142857143
    }
}