{
    "min": {
        "length": 2.0,
        "charge": -7.199,
        "charge_density": -0.007848746081504702,
        "pI": 2.4677734375,
        "instability_index": -43.43333333333334,
        "aromaticity": 0.0,
        "aliphatic_index": 0.0,
        "boman_index": -3.8233333333333337,
        "hydrophobic_ratio": 0.0,
        "hydrophobicity": -1.0557142857142856,
        "hydropathy_index": -4.5,
        "amphiphilicity_index": 0.0,
        "solvation": -2.1,
        "steric": 0.225,
        "volume": 194.0,
        "side_chain_vol": 26.760714285714283,
        "polarity": 5.733333333333333,
        "no_hyd_bond": 0.0,
        "norm_freq_alpha": 0.7558181818181818,
        "norm_freq_beta": 0.67,
        "norm_freq_coil": 0.66
    },
    "max": {
        "length": 101.0,
        "charge": 29.974,
        "charge_density": 0.006303008307757852,
        "pI": 13.30419921875,
        "instability_index": 509.94999999999993,
        "aromaticity": 0.7142857142857143,
        "aliphatic_index": 300.00000000000006,
        "boman_index": 14.92,
        "hydrophobic_ratio": 0.8333333333333334,
        "hydrophobicity": 1.09,
        "hydropathy_index": 2.8666666666666667,
        "amphiphilicity_index": 5.6499999999999995,
        "solvation": 1.745,
        "steric": 0.9107692307692308,
        "volume": 8273.5,
        "side_chain_vol": 133.92857142857142,
        "polarity": 12.428571428571429,
        "no_hyd_bond": 117.0,
        "norm_freq_alpha": 1.385,
        "norm_freq_beta": 1.26,
        "norm_freq_coil": 1.3342857142857143
    }
}