{
    "min": {
        "length": 2.0,
        "charge": -8.922,
        "charge_density": -0.003880287371777632,
        "pI": 2.75390625,
        "instability_index": -39.94285714285714,
        "aromaticity": 0.0,
        "aliphatic_index": 0.0,
        "boman_index": -3.8233333333333337,
        "hydrophobic_ratio": 0.0,
        "hydrophobicity": -0.8613432835820896,
        "hydropathy_index": -3.54,
        "amphiphilicity_index": 0.0,
        "solvation": -0.7050000000000001,
        "steric": 0.2426315789473684,
        "volume": 152.0,
        "side_chain_vol": 25.78,
        "polarity": 5.733333333333333,
        "no_hyd_bond": 0.0,
        "norm_freq_alpha": 0.7558181818181818,
        "norm_freq_beta": 0.7527272727272728,
        "norm_freq_coil": 0.66
    },
    "max": {
        "length": 101.0,
        "charge": 29.974,
        "charge_density": 0.005483054208230378,
        "pI": 13.30419921875,
        "instability_index": 352.67999999999995,
        "aromaticity": 0.7142857142857143,
        "aliphatic_index": 300.00000000000006,
        "boman_index": 8.806666666666667,
        "hydrophobic_ratio": 0.8333333333333334,
        "hydrophobicity": 1.09,
        "hydropathy_index": 2.8666666666666667,
        "amphiphilicity_index": 5.998571428571428,
        "solvation": 1.745,
        "steric": 0.9107692307692308,
        "volume": 8273.5,
        "side_chain_vol": 133.92857142857142,
        "polarity": 10.280597014925375,
        "no_hyd_bond": 117.0,
        "norm_freq_alpha": 1.385,
        "norm_freq_beta": 1.26,
        "norm_freq_coil": 1.3342857142857143
    }
}